03.03.2022,38’953.5100
02.03.2022,40’428.5500
01.03.2022,40’779.8600
28.02.2022,39’597.9700
27.02.2022,34’963.8600
26.02.2022,36’224.2700
25.02.2022,36’321.9600
24.02.2022,35’483.7300
23.02.2022,34’252.8700
22.02.2022,35’286.5600
21.02.2022,33’924.2100
20.02.2022,35’391.6800
19.02.2022,36’974.3500
18.02.2022,36’881.2400
17.02.2022,37’271.4700
16.02.2022,40’535.4400
15.02.2022,41’269.7400
14.02.2022,39’362.7600
13.02.2022,39’050.0500
12.02.2022,39’119.3300
11.02.2022,39’259.4500
10.02.2022,40’316.7500
09.02.2022,40’964.8300
08.02.2022,40’821.4300
07.02.2022,40’511.5100
06.02.2022,39’252.8600
05.02.2022,38’325.0300
04.02.2022,38’491.7700
03.02.2022,34’119.7200
02.02.2022,33’926.2200
01.02.2022,35’704.9200
31.01.2022,35’690.5500
30.01.2022,35’316.0900
29.01.2022,35’513.7300
28.01.2022,35’198.8900
27.01.2022,34’601.1100
26.01.2022,34’045.5500
25.01.2022,33’926.6700
24.01.2022,33’533.9700
23.01.2022,33’118.3500
22.01.2022,31’955.7100
21.01.2022,33’201.4400
20.01.2022,37’297.8600
19.01.2022,38’218.3500
18.01.2022,38’863.5900
17.01.2022,38’622.4400
16.01.2022,39’342.8800
15.01.2022,39’453.0600
14.01.2022,39’388.2100
13.01.2022,38’755.9700
12.01.2022,40’170.1500
11.01.2022,39’440.0000
10.01.2022,38’782.1600
09.01.2022,38’468.5600
08.01.2022,38’340.5000
07.01.2022,38’179.7100
06.01.2022,39’744.7300
05.01.2022,39’927.2600
04.01.2022,42’044.3600
03.01.2022,42’668.1500
02.01.2022,43’163.6000
01.01.2022,43’509.1600
31.12.2021,42’192.0000
30.12.2021,43’063.5900
29.12.2021,42’504.7500
28.12.2021,43’679.2200
27.12.2021,46’540.2100
26.12.2021,46’670.4800
25.12.2021,46’594.5200
24.12.2021,46’735.6300
23.12.2021,46’631.7600
22.12.2021,44’749.4300
21.12.2021,45’252.4600
20.12.2021,43’292.6600
19.12.2021,43’204.6200
18.12.2021,43’328.5000
17.12.2021,42’849.5200
16.12.2021,43’837.9300
15.12.2021,45’174.2200
14.12.2021,44’711.2000
13.12.2021,43’135.3500
12.12.2021,46’104.0300
11.12.2021,45’477.0200
10.12.2021,43’508.1500
09.12.2021,44’174.2100
08.12.2021,46’508.5200
07.12.2021,46’870.5900
06.12.2021,46’793.1500
05.12.2021,45’342.4200
04.12.2021,45’210.9700
03.12.2021,49’133.0600
02.12.2021,51’961.6300
01.12.2021,52’636.9900
30.11.2021,52’420.1700
29.11.2021,53’393.6300
28.11.2021,52’831.8100
27.11.2021,50’446.9400
26.11.2021,49’529.0600
25.11.2021,55’172.2300
24.11.2021,53’414.1400
23.11.2021,53’786.7100
22.11.2021,52’615.9800
21.11.2021,54’604.5400
20.11.2021,55’507.6000
19.11.2021,54’009.2100
18.11.2021,52’664.1400
17.11.2021,56’036.5900
16.11.2021,56’021.6000
15.11.2021,58’969.9400
14.11.2021,60’328.5900
13.11.2021,59’396.9700
12.11.2021,59’253.8600
11.11.2021,59’771.0700
10.11.2021,59’596.9400
09.11.2021,61’043.7400
08.11.2021,61’650.5900
07.11.2021,57’668.5500
06.11.2021,56’119.5700
05.11.2021,55’695.9500
04.11.2021,56’069.7100
03.11.2021,57’395.5600
02.11.2021,57’790.6200
01.11.2021,55’539.5400
31.10.2021,56’207.9200
30.10.2021,56’515.9800
29.10.2021,56’971.4800
28.10.2021,55’209.6400
27.10.2021,53’792.6100
26.10.2021,55’554.7700
25.10.2021,57’942.6700
24.10.2021,55’801.6700
23.10.2021,56’144.6600
22.10.2021,55’623.5100
21.10.2021,57’163.4700
20.10.2021,60’631.9500
19.10.2021,59’266.1400
13.10.2021,53’018.1600
12.10.2021,52’190.8700
11.10.2021,53’233.9800
10.10.2021,50’727.7600
09.10.2021,50’998.2500
08.10.2021,50’045.1400
07.10.2021,49’950.1700
06.10.2021,51’391.7000
05.10.2021,47’799.3500
04.10.2021,45’388.3000
03.10.2021,44’833.6600
02.10.2021,44’399.1900
01.10.2021,44’749.8700
30.09.2021,40’769.2300
29.09.2021,38’808.4300
28.09.2021,38’153.0500
27.09.2021,39’153.5900
26.09.2021,39’979.9800
25.09.2021,39’489.3100
24.09.2021,39’560.3100
23.09.2021,41’504.4400
22.09.2021,40’376.2100
21.09.2021,37’504.6000
20.09.2021,39’841.6400
19.09.2021,44’055.7900
18.09.2021,44’994.5100
17.09.2021,44’048.1700
16.09.2021,44’351.9700
15.09.2021,44’275.0500
14.09.2021,43’273.1500
13.09.2021,41’508.0400
12.09.2021,42’336.0600
11.09.2021,41’433.1100
10.09.2021,41’194.4000
09.09.2021,42’535.6000
08.09.2021,42’467.9400
07.09.2021,43’026.1700
06.09.2021,48’223.8300
05.09.2021,47’306.2400
04.09.2021,45’634.9200
03.09.2021,45’715.7300
02.09.2021,45’128.6600
01.09.2021,44’690.7100
31.08.2021,43’212.0600
30.08.2021,43’091.3600
29.08.2021,44’528.4300
28.08.2021,44’573.3200
27.08.2021,44’701.8900
26.08.2021,43’132.5100
25.08.2021,44’752.9600
24.08.2021,43’637.1400
23.08.2021,45’193.2900
22.08.2021,45’266.9200
21.08.2021,44’915.7700
20.08.2021,45’191.3400
19.08.2021,42’873.8100
18.08.2021,41’162.8400
17.08.2021,40’857.1200
16.08.2021,41’954.8200
15.08.2021,43’110.3900
14.08.2021,43’112.6200
13.08.2021,43’733.5100
12.08.2021,41’053.4600
11.08.2021,42’120.6800
10.08.2021,42’083.1100
09.08.2021,42’616.6800
08.08.2021,40’121.5500
07.08.2021,40’800.5300
06.08.2021,39’183.0600
05.08.2021,37’059.1800
04.08.2021,36’057.9300
03.08.2021,34’486.2200
02.08.2021,35’509.9600
01.08.2021,36’319.3200
31.07.2021,37’792.3700
30.07.2021,38’085.6700
29.07.2021,36’269.2300
28.07.2021,36’414.3300
27.07.2021,35’950.9000
26.07.2021,34’243.7900
25.07.2021,32’458.3200
24.07.2021,31’518.2700
23.07.2021,30’856.0400
22.07.2021,29’696.5300
21.07.2021,29’466.2600
20.07.2021,27’448.5000
19.07.2021,28’344.0500
18.07.2021,29’235.3700
17.07.2021,29’022.9900
16.07.2021,28’940.7300
15.07.2021,29’072.0000
14.07.2021,30’011.1700
13.07.2021,30’031.9400
12.07.2021,30’338.8000
11.07.2021,31’303.9900
10.07.2021,30’654.5700
09.07.2021,30’976.0200
08.07.2021,30’052.4400
07.07.2021,31’323.2900
06.07.2021,31’595.7900
05.07.2021,31’181.9900
04.07.2021,32’540.4800
03.07.2021,31’921.3400
02.07.2021,31’210.8200
01.07.2021,31’058.4400
30.06.2021,32’403.4700
29.06.2021,33’062.7300
28.06.2021,31’656.3800
27.06.2021,31’717.4700
26.06.2021,29’300.7100
25.06.2021,29’062.4100
24.06.2021,31’780.1100
23.06.2021,30’879.0500
22.06.2021,29’806.6500
21.06.2021,29’024.9900
20.06.2021,32’904.7700
19.06.2021,32’812.3400
18.06.2021,32’914.5900
17.06.2021,34’938.2000
16.06.2021,34’832.6800
15.06.2021,36’144.3200
14.06.2021,36’393.4600
13.06.2021,35’114.0100
12.06.2021,31’924.9800
11.06.2021,33’442.6500
10.06.2021,32’856.4700
09.06.2021,33’406.9800
08.06.2021,29’985.6900
07.06.2021,30’091.7200
06.06.2021,32’199.5500
05.06.2021,31’973.4500
04.06.2021,33’209.0500
03.06.2021,35’362.5100
02.06.2021,33’765.5900
01.06.2021,32’873.3800
31.05.2021,33’517.8000
30.05.2021,32’084.2400
29.05.2021,31’114.2300
28.05.2021,32’099.6600
27.05.2021,34’506.6300
26.05.2021,35’236.5700
25.05.2021,34’268.0200
24.05.2021,34’662.5100
23.05.2021,31’314.9200
22.05.2021,33’718.7800
21.05.2021,33’403.6400
20.05.2021,36’505.2700
19.05.2021,33’725.7300
18.05.2021,38’595.6800
17.05.2021,39’281.0100
16.05.2021,41’885.3400
15.05.2021,42’229.0700
14.05.2021,45’023.2900
13.05.2021,45’046.0700
12.05.2021,45’832.0600
11.05.2021,51’280.6800
10.05.2021,50’301.1000
09.05.2021,52’448.0900
08.05.2021,52’943.1600
07.05.2021,51’718.9500
06.05.2021,51’196.1700
05.05.2021,52’339.4900
04.05.2021,48’669.1400
03.05.2021,52’150.9400
02.05.2021,51’680.4000
01.05.2021,52’775.0300
30.04.2021,52’753.3800
29.04.2021,48’695.2400
28.04.2021,49’808.5000
27.04.2021,50’278.3100
26.04.2021,49’432.2200
25.04.2021,44’833.6800
24.04.2021,45’817.6600
23.04.2021,46’707.6600
22.04.2021,47’523.5800
21.04.2021,49’383.4800
20.04.2021,51’712.8000
19.04.2021,50’982.2800
18.04.2021,51’847.3000
17.04.2021,55’456.6900
16.04.2021,56’681.8100
15.04.2021,58’325.2000
14.04.2021,57’997.1000
13.04.2021,58’547.3000
12.04.2021,55’209.9500
11.04.2021,55’531.0400
10.04.2021,55’236.4100
09.04.2021,53’750.1300
08.04.2021,53’600.1800
07.04.2021,52’214.5000
06.04.2021,54’086.8100
05.04.2021,55’059.2500
04.04.2021,54’914.1200
03.04.2021,53’880.4000
02.04.2021,55’621.3300
01.04.2021,55’351.8600
31.03.2021,55’398.5000
30.03.2021,55’311.3500
29.03.2021,54’121.0800
28.03.2021,52’379.5100
27.03.2021,52’431.7900
26.03.2021,51’620.4900
25.03.2021,48’403.3200
24.03.2021,49’099.5700
23.03.2021,50’948.9600
22.03.2021,50’127.1400
21.03.2021,53’437.8200
20.03.2021,54’046.3900
19.03.2021,54’060.0800
18.03.2021,53’522.8100
17.03.2021,54’218.3500
16.03.2021,52’475.7100
15.03.2021,51’800.5000
14.03.2021,55’137.1000
13.03.2021,56’953.7400
12.03.2021,53’284.2600
11.03.2021,53’420.5700
10.03.2021,52’062.9500
09.03.2021,50’874.5100
08.03.2021,48’936.1400
07.03.2021,47’706.0700
06.03.2021,45’520.8000
05.03.2021,45’550.0500
04.03.2021,45’107.6000
03.03.2021,46’500.5200
02.03.2021,44’239.9800
01.03.2021,45’415.3800
28.02.2021,40’936.4400
27.02.2021,41’930.4200
26.02.2021,42’122.9300
25.02.2021,42’702.6700
24.02.2021,45’022.5500
23.02.2021,44’191.3600
22.02.2021,48’584.8200
21.02.2021,51’492.5300
20.02.2021,50’275.9400
19.02.2021,50’139.0100
18.02.2021,46’337.8500
17.02.2021,46’878.6800
16.02.2021,43’942.4600
15.02.2021,42’671.1400
14.02.2021,43’490.4100
13.02.2021,42’045.0500
12.02.2021,42’409.6100
11.02.2021,42’619.8300
10.02.2021,40’028.3800
09.02.2021,41’581.9900
08.02.2021,41’651.6900
07.02.2021,35’011.5200
06.02.2021,35’369.7500
05.02.2021,34’345.5100
04.02.2021,33’415.2500
03.02.2021,33’766.2600
02.02.2021,31’916.4500
01.02.2021,30’088.1300
31.01.2021,29’531.4400
30.01.2021,30’566.1900
29.01.2021,30’610.1100
28.01.2021,29’586.3900
27.01.2021,27’026.1900
26.01.2021,28’882.8300
25.01.2021,28’745.9800
24.01.2021,28’582.0400
23.01.2021,28’382.9800
22.01.2021,29’176.5400
21.01.2021,27’256.1200
20.01.2021,31’633.9500
19.01.2021,32’029.0400
18.01.2021,32’633.7900
17.01.2021,31’832.5100
16.01.2021,32’229.5600
15.01.2021,32’803.3900
14.01.2021,34’826.4200
13.01.2021,33’124.8800
12.01.2021,29’951.5700
11.01.2021,31’623.6300
10.01.2021,33’926.3900
09.01.2021,35’551.3600
08.01.2021,36’058.9000
07.01.2021,34’864.2600
06.01.2021,32’392.0700
05.01.2021,29’838.7800
04.01.2021,28’176.8400
03.01.2021,29’014.8100
02.01.2021,28’535.0300
01.01.2021,26’129.0000
31.12.2020,25’706.4300
30.12.2020,25’396.4200
29.12.2020,24’185.0000
28.12.2020,24’081.5500
27.12.2020,23’337.3300
26.12.2020,23’527.8800
25.12.2020,21’947.6200
24.12.2020,21’136.7100
23.12.2020,20’640.4000
22.12.2020,21’137.7700
21.12.2020,20’230.2800
20.12.2020,20’779.1000
19.12.2020,21’083.2000
18.12.2020,20’441.1600
17.12.2020,20’180.1600
16.12.2020,18’880.5400
15.12.2020,17’225.3800
14.12.2020,17’091.5800
13.12.2020,17’018.3900
12.12.2020,16’746.9100
11.12.2020,16’064.4000
10.12.2020,16’184.8400
09.12.2020,16’511.2800
08.12.2020,16’291.6300
07.12.2020,17’098.8900
06.12.2020,17’244.1800
05.12.2020,17’095.8700
04.12.2020,16’686.9600
03.12.2020,17’332.0300
02.12.2020,17’199.7600
01.12.2020,16’935.7300
30.11.2020,17’849.1400
29.11.2020,16’449.0800
28.11.2020,16’047.2600
27.11.2020,15’491.0900
26.11.2020,15’536.5200
25.11.2020,17’024.4400
24.11.2020,17’444.4000
23.11.2020,16’789.7200
22.11.2020,16’764.8400
21.11.2020,17’017.0100
20.11.2020,16’985.1900
19.11.2020,16’245.6500
18.11.2020,16’235.6000
17.11.2020,16’096.7500
16.11.2020,15’267.3100
15.11.2020,14’584.7600
14.11.2020,14’699.1300
13.11.2020,14’905.6000
12.11.2020,14’901.3000
11.11.2020,14’406.0200
10.11.2020,13’997.0500
09.11.2020,14’012.4400
08.11.2020,13’932.0800
07.11.2020,13’335.8500
06.11.2020,14’024.8800
05.11.2020,14’100.3700
04.11.2020,12’921.4200
03.11.2020,12’773.1900
02.11.2020,12’472.7800
01.11.2020,12’619.3900
31.10.2020,12’675.4800
30.10.2020,12’458.4500
29.10.2020,12’319.3000
28.10.2020,12’093.7700
27.10.2020,12’433.1400
26.10.2020,11’880.7300
25.10.2020,11’797.0900
24.10.2020,11’861.7300
23.10.2020,11’698.1200
22.10.2020,11’785.7400
21.10.2020,11’612.5800
20.10.2020,10’811.8800
19.10.2020,10’700.1700
18.10.2020,10’535.3100
17.10.2020,10’405.1600
16.10.2020,10’363.4900
15.10.2020,10’515.2700
14.10.2020,10’449.3300
13.10.2020,10’461.1200
12.10.2020,10’490.4300
11.10.2020,10’359.0000
10.10.2020,10’270.9000
09.10.2020,10’074.3600
08.10.2020,10’010.8900
07.10.2020,9’789.8900
06.10.2020,9’738.7700
05.10.2020,9’877.2100
04.10.2020,9’799.0200
03.10.2020,9’729.4600
02.10.2020,9’731.7300
01.10.2020,9’763.4200
30.09.2020,9’924.8700
29.09.2020,9’970.0400
28.09.2020,9’897.4500
27.09.2020,10’006.5200
26.09.2020,9’977.2000
25.09.2020,9’934.3000
24.09.2020,9’952.0000
23.09.2020,9’465.6700
22.09.2020,9’696.7000
21.09.2020,9’558.1300
20.09.2020,9’953.5400
19.09.2020,10’108.2400
18.09.2020,9’967.9500
17.09.2020,9’942.9200
16.09.2020,9’980.4200
15.09.2020,9’802.6300
14.09.2020,9’705.4800
13.09.2020,9’393.4300
12.09.2020,9’503.1100
11.09.2020,9’461.3300
10.09.2020,9’430.4900
09.09.2020,9’398.7500
08.09.2020,9’305.3700
07.09.2020,9’509.2900
06.09.2020,9’385.6300
05.09.2020,9’278.1500
04.09.2020,9’579.3500
03.09.2020,9’302.3700
02.09.2020,10’393.4500
01.09.2020,10’841.6700
31.08.2020,10’548.6900
30.08.2020,10’589.0200
29.08.2020,10’404.0900
28.08.2020,10’434.5200
27.08.2020,10’286.9300
26.08.2020,10’420.6100
25.08.2020,10’317.3200
24.08.2020,10’740.1000
23.08.2020,10’635.0000
22.08.2020,10’656.3200
21.08.2020,10’502.1200
20.08.2020,10’779.4500
19.08.2020,10’742.7400
18.08.2020,10’810.9400
17.08.2020,11’142.0700
16.08.2020,10’831.1800
15.08.2020,10’796.7700
14.08.2020,10’701.0600
13.08.2020,10’722.7100
12.08.2020,10’562.2900
11.08.2020,10’447.3300
10.08.2020,10’878.3600
09.08.2020,10’669.8500
08.08.2020,10’731.5100
07.08.2020,10’592.6300
06.08.2020,10’714.8700
05.08.2020,10’664.2300
04.08.2020,10’230.2300
03.08.2020,10’321.4900
02.08.2020,10’115.2200
01.08.2020,10’800.0500
31.07.2020,10’360.1500
30.07.2020,10’108.7100
29.07.2020,10’125.7800
28.07.2020,10’032.2400
27.07.2020,10’111.1900
26.07.2020,9’155.3300
25.07.2020,8’940.1700
24.07.2020,8’799.5600
23.07.2020,8’893.8900
22.07.2020,8’864.3600
21.07.2020,8’767.4700
20.07.2020,8’613.9500
19.07.2020,8’650.3700
18.07.2020,8’624.7500
17.07.2020,8’603.6900
16.07.2020,8’639.3900
15.07.2020,8’689.7300
14.07.2020,8’703.0400
13.07.2020,8’711.1100
12.07.2020,8’751.5000
11.07.2020,8’704.0900
10.07.2020,8’736.0700
09.07.2020,8’691.6900
08.07.2020,8’859.1300
07.07.2020,8’725.0200
06.07.2020,8’808.3400
05.07.2020,8’591.1000
04.07.2020,8’640.5300
03.07.2020,8’585.6500
02.07.2020,8’608.4000
01.07.2020,8’740.1900
30.06.2020,8’663.5900
29.06.2020,8’739.3800
28.06.2020,8’656.5400
27.06.2020,8’550.0300
26.06.2020,8’684.7000
25.06.2020,8’771.3900
24.06.2020,8’811.6300
23.06.2020,9’088.5200
22.06.2020,9’179.9000
21.06.2020,8’845.9100
20.06.2020,8’912.8300
19.06.2020,8’855.3000
18.06.2020,8’935.1300
17.06.2020,8’971.2500
16.06.2020,9’061.0800
15.06.2020,8’946.0400
14.06.2020,8’898.6000
13.06.2020,9’021.4300
12.06.2020,9’017.3000
11.06.2020,8’779.2100
10.06.2020,9’332.4500
09.06.2020,9’300.4800
08.06.2020,9’364.5700
07.06.2020,9’376.6600
06.06.2020,9’315.7900
05.06.2020,9’274.3100
04.06.2020,9’359.5900
03.06.2020,9’292.2300
02.06.2020,9’160.4800
01.06.2020,9’795.8900
31.05.2020,9’089.9500
30.05.2020,9’316.1200
29.05.2020,9’064.3400
28.05.2020,9’223.7800
27.05.2020,8’899.0400
26.05.2020,8’549.9500
25.05.2020,8’646.4500
24.05.2020,8’505.3800
23.05.2020,8’923.9600
22.05.2020,8’908.7900
21.05.2020,8’798.1600
20.05.2020,9’193.5300
19.05.2020,9’508.6400
18.05.2020,9’440.8600
17.05.2020,9’392.4100
16.05.2020,9’120.3600
15.05.2020,9’024.8200
14.05.2020,9’521.7100
13.05.2020,9’050.6000
12.05.2020,8’545.6600
11.05.2020,8’391.3100
10.05.2020,8’512.5300
09.05.2020,9’297.3800
08.05.2020,9’558.1500
07.05.2020,9’720.6200
06.05.2020,8’921.3800
05.05.2020,8’781.9600
04.05.2020,8’580.2600
03.05.2020,8’577.6200
02.05.2020,8’659.2500
01.05.2020,8’503.3100
30.04.2020,8’344.4300
29.04.2020,8’548.2800
28.04.2020,7’571.2700
27.04.2020,7’601.4800
26.04.2020,7’500.5000
25.04.2020,7’349.1000
24.04.2020,7’308.8700
23.04.2020,7’289.0200
22.04.2020,6’929.8600
21.04.2020,6’655.2000
20.04.2020,6’635.2400
19.04.2020,6’904.8000
18.04.2020,7’023.3700
17.04.2020,6’812.3800
16.04.2020,6’887.0900
15.04.2020,6’407.3500
14.04.2020,6’610.7800
13.04.2020,6’642.0400
12.04.2020,6’690.9400
11.04.2020,6’663.2000
10.04.2020,6’641.4300
09.04.2020,7’059.3900
08.04.2020,7’159.5200
07.04.2020,6’983.2400
06.04.2020,7’183.0700
05.04.2020,6’630.4200
04.04.2020,6’721.2100
03.04.2020,6’585.6400
02.04.2020,6’637.7600
01.04.2020,6’097.1500
31.03.2020,6’192.0900
30.03.2020,6’149.4900
29.03.2020,5’613.1000
28.03.2020,5’965.5400
27.03.2020,6’083.6000
26.03.2020,6’510.0100
25.03.2020,6’562.5300
24.03.2020,6’636.4300
23.03.2020,6’376.9900
22.03.2020,5’765.6200
21.03.2020,6’127.3800
20.03.2020,6’166.4100
19.03.2020,6’129.1300
18.03.2020,5’225.8200
17.03.2020,5’170.4800
16.03.2020,4’771.2700
15.03.2020,5’092.4900
14.03.2020,4’940.6200
13.03.2020,5’322.5000
12.03.2020,4’547.8900
11.03.2020,7’468.9600
10.03.2020,7’405.9700
09.03.2020,7’358.7900
08.03.2020,7’474.0900
07.03.2020,8’353.2500
06.03.2020,8’579.1300
05.03.2020,8’582.9100
04.03.2020,8’388.7400
03.03.2020,8’382.1800
02.03.2020,8’558.0600
01.03.2020,8’225.3300
29.02.2020,8’253.6900
28.02.2020,8’406.0900
27.02.2020,8’534.9900
26.02.2020,8’593.0000
25.02.2020,9’100.2300
24.02.2020,9’466.5500
23.02.2020,9’786.4900
22.02.2020,9’469.1800
21.02.2020,9’491.6800
20.02.2020,9’462.6300
19.02.2020,9’455.8500
18.02.2020,10’007.8400
17.02.2020,9’520.5400
16.02.2020,9’762.4500
15.02.2020,9’735.4100
14.02.2020,10’175.7000
13.02.2020,10’028.0400
12.02.2020,10’121.3400
11.02.2020,10’019.3300
10.02.2020,9’634.3000
09.02.2020,9’926.1300
08.02.2020,9’678.1600
07.02.2020,9’588.3100
06.02.2020,9’508.2100
05.02.2020,9’355.1000
04.02.2020,8’890.8600
03.02.2020,8’981.2400
02.02.2020,8’994.1400
01.02.2020,9’043.5300
31.01.2020,9’047.0500
30.01.2020,9’212.9400
29.01.2020,9’037.7200
28.01.2020,9’127.3700
27.01.2020,8’624.7400
26.01.2020,8’346.0400
25.01.2020,8’107.9000
24.01.2020,8’194.9700
23.01.2020,8’141.1600
22.01.2020,8’387.4500
21.01.2020,8’454.8800
20.01.2020,8’365.7700
19.01.2020,8’430.1500
18.01.2020,8’619.7100
17.01.2020,8’611.9200
16.01.2020,8’416.6100
15.01.2020,8’495.0300
14.01.2020,8’538.8200
13.01.2020,7’875.9800
12.01.2020,7’961.1500
11.01.2020,7’808.4700
10.01.2020,7’964.3800
09.01.2020,7’613.4000
08.01.2020,7’825.9400
07.01.2020,7’929.2000
06.01.2020,7’519.6100
05.01.2020,7’148.8000
04.01.2020,7’156.7800
03.01.2020,7’133.3200
02.01.2020,6’766.8600
01.01.2020,6’965.5300
31.12.2019,6’959.0900
30.12.2019,7’013.9800
29.12.2019,7’215.9900
28.12.2019,7’139.2200
27.12.2019,7’078.5800
26.12.2019,7’077.6600
25.12.2019,7’058.8400
24.12.2019,7’125.2500
23.12.2019,7’199.4100
22.12.2019,7’390.2900
21.12.2019,7’042.7600
20.12.2019,7’082.5100
19.12.2019,7’008.9400
18.12.2019,7’150.6900
17.12.2019,6’504.1200
16.12.2019,6’791.1300
15.12.2019,7’011.3200
14.12.2019,6’982.7200
13.12.2019,7’147.7300
12.12.2019,7’098.5900
11.12.2019,7’093.8100
10.12.2019,7’125.6400
09.12.2019,7’264.5300
08.12.2019,7’470.0500
07.12.2019,7’448.6600
06.12.2019,7’483.9900
05.12.2019,7’313.7700
04.12.2019,7’125.6500
03.12.2019,7’218.0900
02.12.2019,7’265.1900
01.12.2019,7’425.4500
30.11.2019,7’578.1300
29.11.2019,7’771.6400
28.11.2019,7’433.8300
27.11.2019,7’530.1500
26.11.2019,7’160.9300
25.11.2019,7’121.1400
24.11.2019,6’925.3800
23.11.2019,7’320.8700
22.11.2019,7’281.2800
21.11.2019,7’578.4200
20.11.2019,8’018.6200
19.11.2019,8’062.5800
18.11.2019,8’107.6500
17.11.2019,8’435.5300
16.11.2019,8’410.7000
15.11.2019,8’387.7500
14.11.2019,8’545.3800
13.11.2019,8’690.1800
12.11.2019,8’708.1900
11.11.2019,8’672.3300
10.11.2019,9’027.3500
09.11.2019,8’794.0000
08.11.2019,8’757.7300
07.11.2019,9’168.9100
06.11.2019,9’284.3700
05.11.2019,9’247.7400
04.11.2019,9’310.1400
03.11.2019,9’088.3900
02.11.2019,9’197.9800
01.11.2019,9’137.3000
31.10.2019,9’042.3600
30.10.2019,9’075.9300
29.10.2019,9’379.6400
28.10.2019,9’175.2500
27.10.2019,9’493.0500
26.10.2019,9’205.6700
25.10.2019,8’621.2300
24.10.2019,7’388.9300
23.10.2019,7’402.4600
22.10.2019,7’959.6900
21.10.2019,8’118.8600
20.10.2019,8’116.5400
19.10.2019,7’847.3200
18.10.2019,7’843.1200
17.10.2019,7’995.0100
16.10.2019,7’969.5800
15.10.2019,8’167.4400
14.10.2019,8’344.7200
13.10.2019,8’288.4200
12.10.2019,8’314.3100
11.10.2019,8’258.2500
10.10.2019,8’563.7500
09.10.2019,8’530.0900
08.10.2019,8’144.4700
07.10.2019,8’174.0100
06.10.2019,7’842.3300
05.10.2019,8’132.7100
04.10.2019,8’137.5600
03.10.2019,8’239.5400
02.10.2019,8’361.8900
01.10.2019,8’277.8600
30.09.2019,8’286.9800
29.09.2019,8’000.2300
28.09.2019,8’151.8500
27.09.2019,8’142.0800
26.09.2019,8’015.2200
25.09.2019,8’372.8000
24.09.2019,8’431.7200
23.09.2019,9’589.7200
22.09.2019,9’962.2100
21.09.2019,9’911.5300
20.09.2019,10’086.0800
19.09.2019,10’198.5200
18.09.2019,10’137.8300
17.09.2019,10’130.9400
16.09.2019,10’199.5600
15.09.2019,10’200.2400
14.09.2019,10’272.3900
13.09.2019,10’268.0100
12.09.2019,10’329.3800
11.09.2019,10’104.4100
10.09.2019,10’025.3300
09.09.2019,10’239.2200
08.09.2019,10’294.4400
07.09.2019,10’383.8200
06.09.2019,10’207.5000
05.09.2019,10’439.2100
04.09.2019,10’381.7000
03.09.2019,10’481.3900
02.09.2019,10’275.5700
01.09.2019,9’670.6500
31.08.2019,9’542.2800
30.08.2019,9’504.3400
29.08.2019,9’371.6300
28.08.2019,9’555.7400
27.08.2019,9’996.1800
26.08.2019,10’154.2600
25.08.2019,9’877.9900
24.08.2019,9’907.2600
23.08.2019,10’164.8400
22.08.2019,9’956.7300
21.08.2019,9’951.1500
20.08.2019,10’521.1000
19.08.2019,10’722.0100
18.08.2019,10’127.5900
17.08.2019,10’009.7200
16.08.2019,10’137.0500
15.08.2019,10’068.6300
14.08.2019,9’775.3600
13.08.2019,10’618.3400
12.08.2019,11’038.4900
11.08.2019,11’204.7600
10.08.2019,10’996.5000
09.08.2019,11’542.8100
08.08.2019,11’686.3900
07.08.2019,11’663.6500
06.08.2019,11’194.1300
05.08.2019,11’457.1400
04.08.2019,10’757.4100
03.08.2019,10’627.4700
02.08.2019,10’337.5100
01.08.2019,10’303.0200
31.07.2019,10’023.9800
30.07.2019,9’507.6400
29.07.2019,9’443.6300
28.07.2019,9’475.6100
27.07.2019,9’423.5200
26.07.2019,9’802.3800
25.07.2019,9’802.9800
24.07.2019,9’634.4100
23.07.2019,9’712.2400
22.07.2019,10’152.5500
21.07.2019,10’403.6200
20.07.2019,10’561.3800
19.07.2019,10’347.0300
18.07.2019,10’459.2300
17.07.2019,9’557.8400
16.07.2019,9’313.0700
15.07.2019,10’698.7400
14.07.2019,10’117.8100
13.07.2019,11’201.0800
12.07.2019,11’621.2500
11.07.2019,11’250.2600
10.07.2019,11’968.8000
09.07.2019,12’499.4800
08.07.2019,12’229.5700
07.07.2019,11’372.2200
06.07.2019,11’159.9000
05.07.2019,10’878.6000
04.07.2019,11’003.1800
03.07.2019,11’811.1400
02.07.2019,10’676.9500
01.07.2019,10’456.1600
30.06.2019,10’524.0200
29.06.2019,11’606.3700
28.06.2019,12’089.1700
27.06.2019,10’904.2400
26.06.2019,12’629.8300
25.06.2019,11’452.8700
24.06.2019,10’725.1100
23.06.2019,10’591.9700
22.06.2019,10’430.7100
21.06.2019,9’956.6300
20.06.2019,9’355.5800
19.06.2019,9’215.7300
18.06.2019,9’086.4600
17.06.2019,9’316.4600
16.06.2019,8’962.3300
15.06.2019,8’838.9300
14.06.2019,8’690.4200
13.06.2019,8’185.3000
12.06.2019,8’123.8400
11.06.2019,7’860.4800
10.06.2019,7’936.5800
09.06.2019,7’585.3400
08.06.2019,7’850.4100
07.06.2019,7’920.2800
06.06.2019,7’693.6100
05.06.2019,7’759.9300
04.06.2019,7’627.0700
03.06.2019,8’078.7800
02.06.2019,8’741.7800
01.06.2019,8’563.5700
31.05.2019,8’566.5600
30.05.2019,8’343.4300
29.05.2019,8’732.2700
28.05.2019,8’788.8100
27.05.2019,8’804.5800
26.05.2019,8’723.5000
25.05.2019,8’078.1900
24.05.2019,8’016.6200
23.05.2019,7’893.9400
22.05.2019,7’705.7200
21.05.2019,8’028.2700
20.05.2019,8’055.0900
19.05.2019,8’270.3500
18.05.2019,7’359.4300
17.05.2019,7’461.2600
16.05.2019,7’957.2300
15.05.2019,8’255.6600
14.05.2019,8’054.6300
13.05.2019,7’852.6800
12.05.2019,7’056.3500
11.05.2019,7’279.7200
10.05.2019,6’442.7100
09.05.2019,6’251.4800
08.05.2019,6’074.8400
07.05.2019,5’908.5300
06.05.2019,5’805.5600
05.05.2019,5’826.9700
04.05.2019,5’894.4800
03.05.2019,5’780.1700
02.05.2019,5’524.1400
01.05.2019,5’446.7500
30.04.2019,5’394.9900
29.04.2019,5’269.9600
28.04.2019,5’318.6300
27.04.2019,5’323.3700
26.04.2019,5’308.8700
25.04.2019,5’282.4200
24.04.2019,5’555.0800
23.04.2019,5’646.1600
22.04.2019,5’482.2800
21.04.2019,5’389.2300
20.04.2019,5’408.0300
19.04.2019,5’376.6900
18.04.2019,5’369.5600
17.04.2019,5’296.0800
16.04.2019,5’246.1000
15.04.2019,5’062.6900
14.04.2019,5’186.2900
13.04.2019,5’092.5800
12.04.2019,5’103.2400
11.04.2019,5’062.1600
10.04.2019,5’330.5300
09.04.2019,5’200.5300
08.04.2019,5’295.6500
07.04.2019,5’205.4000
06.04.2019,5’056.5500
05.04.2019,5’048.7200
04.04.2019,4’909.5900
03.04.2019,4’959.8700
02.04.2019,4’890.7700
01.04.2019,4’150.4600
31.03.2019,4’085.6900
30.03.2019,4’091.9800
29.03.2019,4’081.0700
28.03.2019,4’003.2600
27.03.2019,4’022.0300
26.03.2019,3’922.6500
25.03.2019,3’900.0100
24.03.2019,3’970.4800
23.03.2019,3’975.8600
22.03.2019,3’976.1400
21.03.2019,3’962.1900
20.03.2019,4’014.9300
19.03.2019,4’008.2600
18.03.2019,3’991.2200
17.03.2019,3’990.5700
16.03.2019,4’013.5100
15.03.2019,3’920.5000
14.03.2019,3’897.1500
13.03.2019,3’884.2600
12.03.2019,3’907.2400
11.03.2019,3’906.2400
10.03.2019,3’948.2600
09.03.2019,3’964.8000
08.03.2019,3’890.0900
07.03.2019,3’912.4800
06.03.2019,3’882.6200
05.03.2019,3’872.4100
04.03.2019,3’731.1900
03.03.2019,3’801.3100
02.03.2019,3’839.9100
01.03.2019,3’823.6600
28.02.2019,3’805.8400
27.02.2019,3’832.2900
26.02.2019,3’812.8800
25.02.2019,3’849.7900
24.02.2019,3’769.8500
23.02.2019,4’140.7800
22.02.2019,3’968.7500
21.02.2019,3’925.3800
20.02.2019,3’955.6200
19.02.2019,3’928.4800
18.02.2019,3’911.0700
17.02.2019,3’667.3700
16.02.2019,3’624.6000
15.02.2019,3’604.9100
14.02.2019,3’593.7800
13.02.2019,3’620.5700
12.02.2019,3’628.7600
11.02.2019,3’622.1500
10.02.2019,3’664.4100
09.02.2019,3’637.2600
08.02.2019,3’642.8400
07.02.2019,3’377.4700
06.02.2019,3’405.6200
05.02.2019,3’444.3600
04.02.2019,3’417.3800
03.02.2019,3’436.0700
02.02.2019,3’492.2300
01.02.2019,3’440.0300
31.01.2019,3’418.0800
30.01.2019,3’435.8300
29.01.2019,3’395.4200
28.01.2019,3’414.4000
27.01.2019,3’539.4700
26.01.2019,3’569.8700
25.01.2019,3’560.8400
24.01.2019,3’571.5600
23.01.2019,3’547.0800
22.01.2019,3’576.9400
21.01.2019,3’542.9700
20.01.2019,3’538.1800
19.01.2019,3’702.9100
18.01.2019,3’614.2900
17.01.2019,3’627.8000
16.01.2019,3’580.1300
15.01.2019,3’566.1700
14.01.2019,3’620.7600
13.01.2019,3’476.8400
12.01.2019,3’601.6900
11.01.2019,3’602.3500
10.01.2019,3’592.2400
09.01.2019,3’917.5400
08.01.2019,3’933.4300
07.01.2019,3’940.5700
06.01.2019,4’012.1100
05.01.2019,3’791.0000
04.01.2019,3’820.6500
03.01.2019,3’752.4300
02.01.2019,3’887.0700
01.01.2019,3’708.3200
31.12.2018,3’668.0800
30.12.2018,3’796.1700
29.12.2018,3’709.9900
28.12.2018,3’840.9800
27.12.2018,3’596.0600
26.12.2018,3’825.9700
25.12.2018,3’771.4700
24.12.2018,4’020.5600
23.12.2018,3’974.9900
22.12.2018,3’991.0900
21.12.2018,3’859.3700
20.12.2018,4’064.0600
19.12.2018,3’725.1500
18.12.2018,3’683.8600
17.12.2018,3’544.3300
16.12.2018,3’248.7400
15.12.2018,3’248.1600
14.12.2018,3’259.0000
13.12.2018,3’304.9200
12.12.2018,3’493.8000
11.12.2018,3’418.4500
10.12.2018,3’433.4200
09.12.2018,3’586.1500
08.12.2018,3’463.8000
07.12.2018,3’411.2200
06.12.2018,3’479.1100
05.12.2018,3’769.1800
04.12.2018,3’957.7700
03.12.2018,3’909.3300
02.12.2018,4’153.9400
01.12.2018,4’207.3400
30.11.2018,4’024.2400
29.11.2018,4’275.7900
28.11.2018,4’240.2300
27.11.2018,3’840.7300
26.11.2018,3’798.6600
25.11.2018,4’012.2300
24.11.2018,3’889.8700
23.11.2018,4’353.5000
22.11.2018,4’305.9100
21.11.2018,4’586.8200
20.11.2018,4’465.8300
19.11.2018,4’817.1100
18.11.2018,5’646.2600
17.11.2018,5’598.6500
16.11.2018,5’617.3900
15.11.2018,5’717.6300
14.11.2018,5’821.9700
13.11.2018,6’436.6700
12.11.2018,6’473.4100
11.11.2018,6’464.2800
10.11.2018,6’438.6000
09.11.2018,6’432.7000
08.11.2018,6’498.6100
07.11.2018,6’547.0700
06.11.2018,6’486.8300
05.11.2018,6’456.1300
04.11.2018,6’464.7200
03.11.2018,6’389.4000
02.11.2018,6’411.7300
01.11.2018,6’399.1800
31.10.2018,6’393.3100
30.10.2018,6’349.9200
29.10.2018,6’325.3100
28.10.2018,6’460.8100
27.10.2018,6’463.7200
26.10.2018,6’456.9300
25.10.2018,6’470.0000
24.10.2018,6’475.3100
23.10.2018,6’454.7300
22.10.2018,6’452.6600
21.10.2018,6’459.2600
20.10.2018,6’434.0300
19.10.2018,6’453.8800
18.10.2018,6’428.4500
17.10.2018,6’496.2800
16.10.2018,6’475.0800
15.10.2018,6’474.6600
14.10.2018,6’244.7000
13.10.2018,6’244.2000
12.10.2018,6’216.9700
11.10.2018,6’148.2900
10.10.2018,6’511.0300
09.10.2018,6’577.7600
08.10.2018,6’597.5700
07.10.2018,6’540.6000
06.10.2018,6’524.2400
05.10.2018,6’565.9600
04.10.2018,6’519.0200
03.10.2018,6’427.1300
02.10.2018,6’420.7400
01.10.2018,6’485.5800
30.09.2018,6’497.1600
29.09.2018,6’480.7300
28.09.2018,6’514.5000
27.09.2018,6’534.2900
26.09.2018,6’237.5900
25.09.2018,6’212.4000
24.09.2018,6’355.8400
23.09.2018,6’427.5200
22.09.2018,6’443.1500
21.09.2018,6’477.8300
20.09.2018,6’234.5100
19.09.2018,6’184.1600
18.09.2018,6’118.0200
17.09.2018,6’024.4900
16.09.2018,6’293.8400
15.09.2018,6’314.3400
14.09.2018,6’285.4500
13.09.2018,6’261.3700
12.09.2018,6’145.7500
11.09.2018,6’117.0500
10.09.2018,6’154.4200
09.09.2018,6’056.3100
08.09.2018,6’005.1100
07.09.2018,6’208.7300
06.09.2018,6’281.0600
05.09.2018,6’514.1800
04.09.2018,7’167.0300
03.09.2018,7’040.1900
02.09.2018,7’073.4500
01.09.2018,6’962.9100
31.08.2018,6’793.0900
30.08.2018,6’768.5800
29.08.2018,6’830.5200
28.08.2018,6’908.3900
27.08.2018,6’762.7900
26.08.2018,6’594.3000
25.08.2018,6’625.8400
24.08.2018,6’583.3800
23.08.2018,6’437.4000
22.08.2018,6’246.7100
21.08.2018,6’378.9400
20.08.2018,6’204.0000
19.08.2018,6’456.0500
18.08.2018,6’371.5200
17.08.2018,6’555.3400
16.08.2018,6’296.8000
15.08.2018,6’233.3100
14.08.2018,6’156.5000
13.08.2018,6’215.2200
12.08.2018,6’276.2800
11.08.2018,6’203.1000
10.08.2018,6’118.0400
09.08.2018,6’497.5600
08.08.2018,6’238.6500
07.08.2018,6’691.3300
06.08.2018,6’914.5600
05.08.2018,6’995.4500
04.08.2018,6’971.4200
03.08.2018,7’373.9100
02.08.2018,7’504.1200
01.08.2018,7’542.7600
31.07.2018,7’660.8300
30.07.2018,8’075.7300
29.07.2018,8’172.1700
28.07.2018,8’170.8700
27.07.2018,8’137.8400
26.07.2018,7’889.2100
25.07.2018,8’094.5400
24.07.2018,8’361.1100
23.07.2018,7’662.4000
22.07.2018,7’347.4200
21.07.2018,7’356.6200
20.07.2018,7’280.1000
19.07.2018,7’464.3300
18.07.2018,7’355.9700
17.07.2018,7’317.8600
16.07.2018,6’708.5200
15.07.2018,6’359.7000
14.07.2018,6’267.3200
13.07.2018,6’234.5200
12.07.2018,6’260.0400
11.07.2018,6’362.7700
10.07.2018,6’269.7900
09.07.2018,6’612.7900
08.07.2018,6’644.3800
07.07.2018,6’704.3300
06.07.2018,6’545.1100
05.07.2018,6’500.9000
04.07.2018,6’550.5400
03.07.2018,6’459.2700
02.07.2018,6’575.7100
01.07.2018,6’289.6600
30.06.2018,6’326.2200
29.06.2018,6’152.0600
28.06.2018,5’865.7100
27.06.2018,6’119.9500
26.06.2018,6’042.8500
25.06.2018,6’170.6300
24.06.2018,6’126.8000
23.06.2018,6’105.1400
22.06.2018,5’995.8700
21.06.2018,6’668.0000
20.06.2018,6’734.3600
19.06.2018,6’709.9600
18.06.2018,6’686.2400
17.06.2018,6’446.4400
16.06.2018,6’476.3100
15.06.2018,6’386.0200
14.06.2018,6’621.2200
13.06.2018,6’209.1400
12.06.2018,6’475.7500
11.06.2018,6’776.5300
10.06.2018,6’664.1400
09.06.2018,7’391.9400
08.06.2018,7’511.3900
07.06.2018,7’534.9900
06.06.2018,7’548.2100
05.06.2018,7’501.5300
04.06.2018,7’409.7800
03.06.2018,7’624.0400
02.06.2018,7’545.4500
01.06.2018,7’431.4100
31.05.2018,7’375.3900
30.05.2018,7’303.0700
29.05.2018,7’391.0500
28.05.2018,7’065.7400
27.05.2018,7’298.5900
26.05.2018,7’270.9200
25.05.2018,7’395.7500
24.05.2018,7’511.4000
23.05.2018,7’473.1800
22.05.2018,7’933.9700
21.05.2018,8’374.7600
20.05.2018,8’498.3400
19.05.2018,8’231.0300
18.05.2018,8’228.4900
17.05.2018,8’078.3200
16.05.2018,8’347.3000
15.05.2018,8’483.0200
14.05.2018,8’671.0600
13.05.2018,8’697.2000
12.05.2018,8’464.6000
11.05.2018,8’408.4900
10.05.2018,9’045.5200
09.05.2018,9’359.0900
08.05.2018,9’203.4800
07.05.2018,9’396.3400
06.05.2018,9’627.7400
05.05.2018,9’835.3300
04.05.2018,9’685.0100
03.05.2018,9’716.1800
02.05.2018,9’205.2500
01.05.2018,9’039.2600
30.04.2018,9’152.5000
29.04.2018,9’287.8500
28.04.2018,9’212.8700
27.04.2018,8’827.6700
26.04.2018,9’188.5800
25.04.2018,8’714.4200
24.04.2018,9’465.0600
23.04.2018,8’747.5500
22.04.2018,8’590.3300
21.04.2018,8’694.6900
20.04.2018,8’647.3600
19.04.2018,8’043.9700
18.04.2018,7’911.4800
17.04.2018,7’640.5000
16.04.2018,7’735.0900
15.04.2018,8’056.4300
14.04.2018,7’703.5300
13.04.2018,7’584.1900
12.04.2018,7’618.3900
11.04.2018,6’655.6200
10.04.2018,6’547.8500
09.04.2018,6’475.1000
08.04.2018,6’739.0900
07.04.2018,6’620.1000
06.04.2018,6’352.1600
05.04.2018,6’523.0600
04.04.2018,6’535.5200
03.04.2018,7’112.8400
02.04.2018,6’742.0500
01.04.2018,6’509.3600
31.03.2018,6’619.9800
30.03.2018,6’531.4100
29.03.2018,6’784.1500
28.03.2018,7’609.1500
27.03.2018,7’387.1500
26.03.2018,7’705.3800
25.03.2018,8’015.4300
24.03.2018,8’079.9200
23.03.2018,8’457.3200
22.03.2018,8’260.1900
21.03.2018,8’458.6800
20.03.2018,8’591.4100
19.03.2018,8’185.6900
18.03.2018,7’824.4500
17.03.2018,7’528.5900
16.03.2018,7’926.5600
15.03.2018,7’866.3900
14.03.2018,7’754.3500
13.03.2018,8’635.9700
12.03.2018,8’650.8800
11.03.2018,9’056.1600
10.03.2018,8’357.9400
09.03.2018,8’812.1000
08.03.2018,8’862.0300
07.03.2018,9’359.4000
06.03.2018,10’055.5600
05.03.2018,10’820.1200
04.03.2018,10’763.6400
03.03.2018,10’727.3900
02.03.2018,10’344.4300
01.03.2018,10’281.3200
28.02.2018,9’759.1900
27.02.2018,9’973.4400
26.02.2018,9’677.8400
25.02.2018,8’988.2600
24.02.2018,9’088.6300
23.02.2018,9’514.6100
22.02.2018,9’188.2000
21.02.2018,9’825.9300
20.02.2018,10’514.1200
19.02.2018,10’379.1000
18.02.2018,9’650.8200
17.02.2018,10’282.8300
16.02.2018,9’443.8100
15.02.2018,9’294.4500
14.02.2018,8’806.2200
13.02.2018,7’986.9900
12.02.2018,8’354.7300
11.02.2018,7’588.2600
10.02.2018,8’047.1700
09.02.2018,8’165.2700
08.02.2018,7’733.5000
07.02.2018,7’122.5300
06.02.2018,7’213.8000
05.02.2018,6’427.5400
04.02.2018,7’645.8300
03.02.2018,8’588.4800
02.02.2018,8’242.2700
01.02.2018,8’419.1000
31.01.2018,9’485.5400
30.01.2018,9’413.2200
29.01.2018,10’504.4600
28.01.2018,10’957.3600
27.01.2018,10’669.2000
26.01.2018,10’370.9300
25.01.2018,10’518.2300
24.01.2018,10’771.1000
23.01.2018,10’388.2200
22.01.2018,10’411.1900
21.01.2018,11’092.9100
20.01.2018,12’306.6100
19.01.2018,11’132.8500
18.01.2018,10’788.0400
17.01.2018,10’751.9000
16.01.2018,10’899.2600
15.01.2018,13’115.0700
14.01.2018,13’210.8000
13.01.2018,13’790.8000
12.01.2018,13’401.4100
11.01.2018,13’014.1200
10.01.2018,14’559.6200
09.01.2018,14’214.7100
08.01.2018,14’696.3800
07.01.2018,15’783.0100
06.01.2018,16’717.9200
05.01.2018,16’582.1800
04.01.2018,14’869.1400
03.01.2018,14’876.3700
02.01.2018,14’361.5400
01.01.2018,13’152.4200
31.12.2017,13’589.6700
30.12.2017,12’445.5500
29.12.2017,14’100.0000
28.12.2017,14’157.9000
27.12.2017,15’284.0400
26.12.2017,15’571.2600
25.12.2017,13’721.6500
24.12.2017,14’096.0200
23.12.2017,14’386.6200
22.12.2017,14’033.2500
21.12.2017,15’434.2200
20.12.2017,16’258.1900
19.12.2017,17’338.1900
18.12.2017,18’692.4700
17.12.2017,18’860.3000
16.12.2017,19’216.2600
15.12.2017,17’444.8400
14.12.2017,16’327.5100
13.12.2017,16’114.6200
12.12.2017,17’005.2900
11.12.2017,16’565.8300
10.12.2017,14’960.4400
09.12.2017,14’735.2500
08.12.2017,15’935.3700
07.12.2017,16’749.1600
06.12.2017,13’642.8100
05.12.2017,11’578.3000
04.12.2017,11’459.0500
03.12.2017,11’019.3100
02.12.2017,10’680.3000
01.12.2017,10’634.4700
30.11.2017,9’852.1600
29.11.2017,9’695.2700
28.11.2017,9’807.0800
27.11.2017,9’553.4900
26.11.2017,9’128.0300
25.11.2017,8’592.9900
24.11.2017,8’070.9200
23.11.2017,7’915.5100
22.11.2017,8’107.5600
21.11.2017,8’042.0900
20.11.2017,8’188.5000
19.11.2017,7’954.0900
18.11.2017,7’699.7000
17.11.2017,7’606.2200
16.11.2017,7’813.0400
15.11.2017,7’195.9300
14.11.2017,6’546.2400
13.11.2017,6’493.8700
12.11.2017,5’877.3300
11.11.2017,6’320.3600
10.11.2017,6’559.2400
09.11.2017,7’089.4800
08.11.2017,7’468.4200
07.11.2017,7’135.0800
06.11.2017,6’982.7600
05.11.2017,7’409.0800
04.11.2017,7’375.0900
03.11.2017,7’188.1700
02.11.2017,7’038.6300
01.11.2017,6’764.0800
31.10.2017,6’429.8900
30.10.2017,6’096.1500
29.10.2017,6’149.2100
28.10.2017,5’722.2200
27.10.2017,5’758.2200
26.10.2017,5’876.6800
25.10.2017,5’683.6300
24.10.2017,5’469.3800
23.10.2017,5’810.8800
22.10.2017,5’900.9500
21.10.2017,5’916.7800
20.10.2017,5’901.2200
19.10.2017,5’557.1500
18.10.2017,5’470.2400
17.10.2017,5’476.3900
16.10.2017,5’605.7000
15.10.2017,5’534.9500
14.10.2017,5’657.8200
13.10.2017,5’488.4700
12.10.2017,5’278.3500
11.10.2017,4’693.8800
10.10.2017,4’638.9800
09.10.2017,4’678.2000
08.10.2017,4’499.8000
07.10.2017,4’341.3100
06.10.2017,4’270.9300
05.10.2017,4’222.4600
04.10.2017,4’116.4200
03.10.2017,4’202.6800
02.10.2017,4’283.0400
01.10.2017,4’253.8800
30.09.2017,4’213.4200
29.09.2017,4’033.4800
28.09.2017,4’064.9100
27.09.2017,4’083.1700
26.09.2017,3’766.3100
25.09.2017,3’797.9600
24.09.2017,3’563.1400
23.09.2017,3’673.2800
22.09.2017,3’497.7000
21.09.2017,3’507.3400
20.09.2017,3’765.0400
19.09.2017,3’824.9500
18.09.2017,3’808.4400
17.09.2017,3’522.1400
16.09.2017,3’595.0800
15.09.2017,3’300.9000
14.09.2017,3’508.4600
13.09.2017,3’787.3700
12.09.2017,4’095.4700
11.09.2017,4’018.6800
10.09.2017,3’988.8500
09.09.2017,4’087.2400
08.09.2017,4’279.2500
07.09.2017,4’404.4200
06.09.2017,4’360.4100
05.09.2017,4’139.8400
04.09.2017,4’234.3600
03.09.2017,4’443.5300
02.09.2017,4’527.0500
01.09.2017,4’635.3900
31.08.2017,4’519.8900
30.08.2017,4’383.9400
29.08.2017,4’259.3900
28.08.2017,4’126.3900
27.08.2017,4’161.7200
26.08.2017,4’138.8000
25.08.2017,4’219.7900
24.08.2017,4’057.6900
23.08.2017,4’028.8900
22.08.2017,3’789.2700
21.08.2017,3’900.0800
20.08.2017,3’963.3900
19.08.2017,3’948.7800
18.08.2017,4’077.0100
17.08.2017,4’205.6700
16.08.2017,4’065.7200
15.08.2017,4’071.4300
14.08.2017,4’030.9500
13.08.2017,3’884.3000
12.08.2017,3’643.1200
11.08.2017,3’390.1600
10.08.2017,3’281.3700
09.08.2017,3’267.5200
08.08.2017,3’333.1800
07.08.2017,3’213.5200
06.08.2017,3’136.8800
05.08.2017,3’055.6400
04.08.2017,2’741.8500
03.08.2017,2’677.7200
02.08.2017,2’629.5600
01.08.2017,2’705.1500
31.07.2017,2’701.6300
30.07.2017,2’620.9300
29.07.2017,2’644.5100
28.07.2017,2’645.8900
27.07.2017,2’450.6500
26.07.2017,2’389.0800
25.07.2017,2’489.1400
24.07.2017,2’603.0800
23.07.2017,2’619.9500
22.07.2017,2’623.3500
21.07.2017,2’583.2500
20.07.2017,2’372.9600
19.07.2017,2’210.9400
18.07.2017,2’193.1500
17.07.2017,1’979.6300
16.07.2017,1’864.0200
15.07.2017,2’001.2800
14.07.2017,2’204.4400
13.07.2017,2’286.6000
12.07.2017,2’258.7400
11.07.2017,2’263.6800
10.07.2017,2’366.6300
09.07.2017,2’450.0700
08.07.2017,2’426.8900
07.07.2017,2’447.4300
06.07.2017,2’505.9900
05.07.2017,2’483.7600
04.07.2017,2’500.8900
03.07.2017,2’417.9500
02.07.2017,2’342.7900
01.07.2017,2’356.0300
30.06.2017,2’407.3300
29.06.2017,2’452.9900
28.06.2017,2’430.0100
27.06.2017,2’330.7000
26.06.2017,2’377.9500
25.06.2017,2’486.4900
24.06.2017,2’578.0400
23.06.2017,2’630.6300
22.06.2017,2’601.0900
21.06.2017,2’632.3200
20.06.2017,2’585.3100
19.06.2017,2’483.1000
18.06.2017,2’501.1300
17.06.2017,2’492.9800
16.06.2017,2’401.6100
15.06.2017,2’310.2100
14.06.2017,2’585.9500
13.06.2017,2’632.9100
12.06.2017,2’713.1100
11.06.2017,2’806.5000
10.06.2017,2’764.9000
09.06.2017,2’734.5600
08.06.2017,2’661.1700
07.06.2017,2’712.3400
06.06.2017,2’729.0700
05.06.2017,2’498.8100
04.06.2017,2’431.7100
03.06.2017,2’425.6900
02.06.2017,2’357.9600
01.06.2017,2’313.0800
31.05.2017,2’199.4300
30.05.2017,2’234.0100
29.05.2017,2’178.3500
28.05.2017,2’120.9000
27.05.2017,2’037.5400
26.05.2017,2’331.5400
25.05.2017,2’487.8800
24.05.2017,2’313.2800
23.05.2017,2’140.0300
22.05.2017,2’069.8800
21.05.2017,1’978.2100
20.05.2017,1’930.6100
19.05.2017,1’886.8400
18.05.2017,1’805.4200
17.05.2017,1’785.4200
16.05.2017,1’730.8500
15.05.2017,1’753.3400
14.05.2017,1’793.1300
13.05.2017,1’722.9300
12.05.2017,1’792.5200
11.05.2017,1’842.4500
10.05.2017,1’756.6700
09.05.2017,1’707.2900
08.05.2017,1’594.6700
07.05.2017,1’533.8500
06.05.2017,1’528.9600
05.05.2017,1’544.2500
04.05.2017,1’533.6100
03.05.2017,1’456.4400
02.05.2017,1’434.4100
01.05.2017,1’370.5500
30.04.2017,1’324.3200
29.04.2017,1’325.7200
28.04.2017,1’305.2200
27.04.2017,1’299.3500
26.04.2017,1’280.0500
25.04.2017,1’263.4200
24.04.2017,1’240.9800
23.04.2017,1’237.4400
22.04.2017,1’235.8100
21.04.2017,1’243.9400
20.04.2017,1’223.8600
19.04.2017,1’208.3400
18.04.2017,1’225.8700
17.04.2017,1’201.1300
16.04.2017,1’195.4000
15.04.2017,1’196.7600
14.04.2017,1’194.7800
13.04.2017,1’196.6300
12.04.2017,1’229.8400
11.04.2017,1’225.1700
10.04.2017,1’220.3800
09.04.2017,1’203.6700
08.04.2017,1’199.6100
07.04.2017,1’198.1400
06.04.2017,1’171.6300
05.04.2017,1’135.1300
04.04.2017,1’148.2500
03.04.2017,1’133.0800
02.04.2017,1’080.2000
01.04.2017,1’073.3600
31.03.2017,1’045.4200
30.03.2017,1’024.9600
29.03.2017,1’026.1400
28.03.2017,1’026.9200
27.03.2017,990.07
26.03.2017,966.38
25.03.2017,927.47
24.03.2017,991.51
23.03.2017,1’035.8800
22.03.2017,1’056.7200
21.03.2017,1’088.3200
20.03.2017,1’042.3100
19.03.2017,1’016.3600
18.03.2017,1’045.3800
17.03.2017,1’137.4300
16.03.2017,1’227.0000
15.03.2017,1’265.7700
14.03.2017,1’243.0300
13.03.2017,1’231.9900
12.03.2017,1’203.9200
11.03.2017,1’177.7300
10.03.2017,1’209.0000
09.03.2017,1’184.0700
08.03.2017,1’201.6900
07.03.2017,1’254.0200
06.03.2017,1’273.5400
05.03.2017,1’256.4100
04.03.2017,1’269.1700
03.03.2017,1’275.7000
02.03.2017,1’237.9100
01.03.2017,1’202.5600
28.02.2017,1’191.0000
27.02.2017,1’183.2800
26.02.2017,1’162.9100
25.02.2017,1’168.4900
24.02.2017,1’182.2400
23.02.2017,1’151.7500
22.02.2017,1’122.7500
21.02.2017,1’097.2600
20.02.2017,1’056.5400
19.02.2017,1’053.4800
18.02.2017,1’059.1400
17.02.2017,1’037.1600
16.02.2017,1’026.1100
15.02.2017,1’011.6500
14.02.2017,1’006.7900
13.02.2017,998.37
12.02.2017,1’002.1100
11.02.2017,1’004.2000
10.02.2017,975.93
09.02.2017,1’027.9400
08.02.2017,1’060.9400
07.02.2017,1’044.8400
06.02.2017,1’028.9800
05.02.2017,1’025.5300
04.02.2017,1’021.1500
03.02.2017,1’015.7800
02.02.2017,990.04
01.02.2017,966.02
31.01.2017,939.02
30.01.2017,920.15
29.01.2017,920.74
28.01.2017,921.25
27.01.2017,919.67
26.01.2017,909.61
25.01.2017,901.09
24.01.2017,909.34
23.01.2017,925.34
22.01.2017,928.68
21.01.2017,923.02
20.01.2017,904.98
19.01.2017,904.13
18.01.2017,892.67
17.01.2017,891.67
16.01.2017,840.91
15.01.2017,828.59
14.01.2017,838.29
13.01.2017,820.48
12.01.2017,800.1
11.01.2017,867.31
10.01.2017,923.06
09.01.2017,915.73
08.01.2017,937.29
07.01.2017,892.22
06.01.2017,951.95
05.01.2017,1’081.6000
04.01.2017,1’116.1800
03.01.2017,1’056.1400
02.01.2017,1’037.1800
01.01.2017,998.53
31.12.2016,978.21
30.12.2016,975.28
29.12.2016,1’001.0900
28.12.2016,985.41
27.12.2016,945.4
26.12.2016,928.1
25.12.2016,904.12
24.12.2016,930.65
23.12.2016,925.89
22.12.2016,881.23
21.12.2016,843.38
20.12.2016,817.96
19.12.2016,816.44
18.12.2016,813
17.12.2016,812.92
16.12.2016,804.66
15.12.2016,797.91
14.12.2016,794.96
13.12.2016,795.22
12.12.2016,794.45
11.12.2016,785.92
10.12.2016,790.82
09.12.2016,787.24
08.12.2016,778.82
07.12.2016,775.66
06.12.2016,768.74
05.12.2016,772.38
04.12.2016,777.86
03.12.2016,778.09
02.12.2016,780.85
01.12.2016,764.82
30.11.2016,751.96
29.11.2016,747.3
28.11.2016,747.72
27.11.2016,747.76
26.11.2016,756.47
25.11.2016,759.74
24.11.2016,761.17
23.11.2016,758.33
22.11.2016,755.9
21.11.2016,749.07
20.11.2016,754.5
19.11.2016,760.04
18.11.2016,752.57
17.11.2016,748.55
16.11.2016,729.09
15.11.2016,711.52
14.11.2016,698.46
13.11.2016,691.82
12.11.2016,705.28
11.11.2016,708.73
10.11.2016,707.46
09.11.2016,713.43
08.11.2016,691.89
07.11.2016,689.76
06.11.2016,690.02
05.11.2016,684.46
04.11.2016,684.66
03.11.2016,710.29
02.11.2016,713.22
01.11.2016,716.19
31.10.2016,694.73
30.10.2016,700.01
29.10.2016,701.36
28.10.2016,685.01
27.10.2016,680.16
26.10.2016,663.11
25.10.2016,653.89
24.10.2016,650.93
23.10.2016,651.56
22.10.2016,639.4
21.10.2016,629.42
20.10.2016,625.6
19.10.2016,629.39
18.10.2016,632.83
17.10.2016,635.09
16.10.2016,635.81
15.10.2016,635.72
14.10.2016,631.32
13.10.2016,631.2
12.10.2016,630.61
11.10.2016,621.14
10.10.2016,605.11
09.10.2016,605.8
08.10.2016,606.37
07.10.2016,604.49
06.10.2016,598.62
05.10.2016,599.1
04.10.2016,595.18
03.10.2016,595.73
02.10.2016,595.41
01.10.2016,596.54
30.09.2016,587.35
29.09.2016,589.25
28.09.2016,589.31
27.09.2016,589.59
26.09.2016,587.67
25.09.2016,585.72
24.09.2016,587.3
23.09.2016,583.48
22.09.2016,583.38
21.09.2016,586.57
20.09.2016,598.02
19.09.2016,598.86
18.09.2016,597.45
17.09.2016,596.41
16.09.2016,593.02
15.09.2016,594.93
14.09.2016,597.16
13.09.2016,593.22
12.09.2016,593.34
11.09.2016,606.76
10.09.2016,609.13
09.09.2016,606.7
08.09.2016,605.25
07.09.2016,596.01
06.09.2016,597.05
05.09.2016,594.21
04.09.2016,591.11
03.09.2016,568.43
02.09.2016,562.62
01.09.2016,563.85
31.08.2016,565.4
30.08.2016,564.23
29.08.2016,561.71
28.08.2016,558.85
27.08.2016,560.94
26.08.2016,565.02
25.08.2016,557.84
24.08.2016,560.93
23.08.2016,564.34
22.08.2016,562.58
21.08.2016,559.74
20.08.2016,557.29
19.08.2016,552.89
18.08.2016,555.88
17.08.2016,557.4
16.08.2016,559.56
15.08.2016,559.14
14.08.2016,566.81
13.08.2016,576.2
12.08.2016,577
11.08.2016,580.89
10.08.2016,584.9
09.08.2016,582.69
08.08.2016,583.42
07.08.2016,582.21
06.08.2016,566.47
05.08.2016,560.67
04.08.2016,560.06
03.08.2016,533.1
02.08.2016,574.56
01.08.2016,602.75
31.07.2016,618.26
30.07.2016,640.04
29.07.2016,646.41
28.07.2016,646.68
27.07.2016,647.95
26.07.2016,644.07
25.07.2016,649.12
24.07.2016,648.97
23.07.2016,645.49
22.07.2016,651.31
21.07.2016,655.47
20.07.2016,660.41
19.07.2016,661.09
18.07.2016,667.46
17.07.2016,660.83
16.07.2016,653.77
15.07.2016,652.92
14.07.2016,647.27
13.07.2016,653.81
12.07.2016,650.24
11.07.2016,639.63
10.07.2016,636.88
09.07.2016,641.87
08.07.2016,636.98
07.07.2016,631.51
06.07.2016,659.12
05.07.2016,659.3
04.07.2016,654.59
03.07.2016,660.87
02.07.2016,672.61
01.07.2016,661.79
30.06.2016,641.25
29.06.2016,624.92
28.06.2016,635.31
27.06.2016,627.13
26.06.2016,626.1
25.06.2016,655.67
24.06.2016,637.5
23.06.2016,572.91
22.06.2016,627.7
21.06.2016,658.62
20.06.2016,722.08
19.06.2016,729.49
18.06.2016,723.49
17.06.2016,720.95
16.06.2016,714.69
15.06.2016,660.5
14.06.2016,663.42
13.06.2016,664.04
12.06.2016,617.74
11.06.2016,566.19
10.06.2016,558.87
09.06.2016,559.67
08.06.2016,558
07.06.2016,565.51
06.06.2016,567.36
05.06.2016,563.68
04.06.2016,562.25
03.06.2016,547.71
02.06.2016,533.53
01.06.2016,529.52
31.05.2016,533.25
30.05.2016,530.85
29.05.2016,522.4
28.05.2016,495.41
27.05.2016,469.97
26.05.2016,449.96
25.05.2016,448.43
24.05.2016,446.16
23.05.2016,440.06
22.05.2016,441.27
21.05.2016,442.3
20.05.2016,440.17
19.05.2016,446.53
18.05.2016,450.14
17.05.2016,448.07
16.05.2016,449.09
15.05.2016,449.61
14.05.2016,447.66
13.05.2016,445.78
12.05.2016,441.34
11.05.2016,442.97
10.05.2016,446.8
09.05.2016,448.81
08.05.2016,448.03
07.05.2016,447.14
06.05.2016,440.43
05.05.2016,433.78
04.05.2016,429.58
03.05.2016,428.21
02.05.2016,428.78
01.05.2016,435.1
30.04.2016,436.84
29.04.2016,435.48
28.04.2016,432.53
27.04.2016,448.34
26.04.2016,454.32
25.04.2016,449.41
24.04.2016,445.58
23.04.2016,439.15
22.04.2016,436.87
21.04.2016,432.97
20.04.2016,425.63
19.04.2016,416.45
18.04.2016,415.48
17.04.2016,417.48
16.04.2016,418.95
15.04.2016,415.34
14.04.2016,411.14
13.04.2016,409.93
12.04.2016,407.21
11.04.2016,404.5
10.04.2016,402.64
09.04.2016,400.31
08.04.2016,404.95
07.04.2016,405.25
06.04.2016,406.75
05.04.2016,406.1
04.04.2016,404.6
03.04.2016,405.07
02.04.2016,404.84
01.04.2016,401.74
31.03.2016,403.19
30.03.2016,402.88
29.03.2016,408.69
28.03.2016,414.78
27.03.2016,413.51
26.03.2016,411.34
25.03.2016,410.83
24.03.2016,409.94
23.03.2016,409.78
22.03.2016,407.74
21.03.2016,400.66
20.03.2016,401.58
19.03.2016,398.83
18.03.2016,404.63
17.03.2016,410.75
16.03.2016,414.1
15.03.2016,413.51
14.03.2016,410.79
13.03.2016,408.37
12.03.2016,409.67
11.03.2016,415.98
10.03.2016,412.63
09.03.2016,414.06
08.03.2016,413.57
07.03.2016,409.42
06.03.2016,402.79
05.03.2016,402.39
04.03.2016,419.61
03.03.2016,420.65
02.03.2016,432.93
01.03.2016,435.51
29.02.2016,436.69
28.02.2016,430.2
27.02.2016,432.41
26.02.2016,423.56
25.02.2016,420.65
24.02.2016,419.33
23.02.2016,426.49
22.02.2016,436.33
21.02.2016,434.99
20.02.2016,427.2
19.02.2016,417.02
18.02.2016,417.66
17.02.2016,411.8
16.02.2016,399.61
15.02.2016,398.39
14.02.2016,391.53
13.02.2016,381.44
12.02.2016,373.98
11.02.2016,369.41
10.02.2016,371.64
09.02.2016,366.38
08.02.2016,373.71
07.02.2016,375.69
06.02.2016,375.15
05.02.2016,386.29
04.02.2016,379.63
03.02.2016,378.76
02.02.2016,384.14
01.02.2016,382.75
31.01.2016,389.45
30.01.2016,389.15
29.01.2016,385.49
28.01.2016,392.18
27.01.2016,403.36
26.01.2016,402.67
25.01.2016,403.34
24.01.2016,404.74
23.01.2016,396.03
22.01.2016,400.65
21.01.2016,417.82
20.01.2016,396.21
19.01.2016,387.07
18.01.2016,386.66
17.01.2016,386.47
16.01.2016,372.91
15.01.2016,403.9
14.01.2016,434.76
13.01.2016,433.43
12.01.2016,449.21
11.01.2016,448.83
10.01.2016,444.09
09.01.2016,449.62
08.01.2016,454.35
07.01.2016,448.37
06.01.2016,435.35
05.01.2016,436.27
04.01.2016,432.82
03.01.2016,431.33
02.01.2016,435.21
01.01.2016,433.67
31.12.2015,427.05
30.12.2015,425.91
29.12.2015,423.35
28.12.2015,420.63
27.12.2015,414.13
26.12.2015,425.36
25.12.2015,450.53
24.12.2015,449.39
23.12.2015,438.04
22.12.2015,435.52
21.12.2015,434.86
20.12.2015,451.41
19.12.2015,460.63
18.12.2015,457.95
17.12.2015,453.38
16.12.2015,452.55
15.12.2015,452.6
14.12.2015,433.43
13.12.2015,429.6
12.12.2015,425.59
11.12.2015,426.19
10.12.2015,411.93
09.12.2015,412.82
08.12.2015,394.87
07.12.2015,394.25
06.12.2015,393.39
05.12.2015,374.75
04.12.2015,362.04
03.12.2015,364.63
02.12.2015,364.4
01.12.2015,378.5
30.11.2015,387.77
29.11.2015,373.22
28.11.2015,366.95
27.11.2015,366.16
26.11.2015,351.21
25.11.2015,331.33
24.11.2015,329.29
23.11.2015,330.4
22.11.2015,332.02
21.11.2015,331.98
20.11.2015,326.72
19.11.2015,337.14
18.11.2015,341.4
17.11.2015,339.8
16.11.2015,325.38
15.11.2015,331.2
14.11.2015,336.81
13.11.2015,336.37
12.11.2015,328.66
11.11.2015,317.98
10.11.2015,368.84
09.11.2015,377.64
08.11.2015,385.83
07.11.2015,386.15
06.11.2015,373.98
05.11.2015,398.55
04.11.2015,443.5
03.11.2015,379.29
02.11.2015,331.74
01.11.2015,314.62
31.10.2015,319.85
30.10.2015,321.75
29.10.2015,307.06
28.10.2015,299.16
27.10.2015,289.11
26.10.2015,280.27
25.10.2015,284.02
24.10.2015,274.16
23.10.2015,269.59
22.10.2015,264.95
21.10.2015,258.56
20.10.2015,257.23
19.10.2015,253.16
18.10.2015,255.41
17.10.2015,257.49
16.10.2015,249.15
15.10.2015,243.88
14.10.2015,241.26
13.10.2015,238.96
12.10.2015,239.18
11.10.2015,239.33
10.10.2015,237.58
09.10.2015,237.08
08.10.2015,237.66
07.10.2015,240.37
06.10.2015,237.35
05.10.2015,234.35
04.10.2015,234.29
03.10.2015,233.49
02.10.2015,232.76
01.10.2015,233.24
30.09.2015,232.44
29.09.2015,233.25
28.09.2015,232.56
27.09.2015,230.41
26.09.2015,231.32
25.09.2015,231.56
24.09.2015,228.82
23.09.2015,227.11
22.09.2015,224.48
21.09.2015,222.88
20.09.2015,225.89
19.09.2015,226.17
18.09.2015,227.42
17.09.2015,224.71
16.09.2015,224.09
15.09.2015,226.01
14.09.2015,223.17
13.09.2015,227.43
12.09.2015,233.7
11.09.2015,234.74
10.09.2015,234.28
09.09.2015,236.78
08.09.2015,238.64
07.09.2015,235.22
06.09.2015,233.74
05.09.2015,227.08
04.09.2015,224.86
03.09.2015,224.23
02.09.2015,221.75
01.09.2015,221.3
31.08.2015,222.05
30.08.2015,221.68
29.08.2015,223.34
28.08.2015,219.6
27.08.2015,218.33
26.08.2015,214.61
25.08.2015,201.7
24.08.2015,207.79
23.08.2015,218.15
22.08.2015,219.84
21.08.2015,223.72
20.08.2015,224.36
19.08.2015,226.83
18.08.2015,251.16
17.08.2015,253.58
16.08.2015,254.72
15.08.2015,261.01
14.08.2015,259.85
13.08.2015,260.4
12.08.2015,263.44
11.08.2015,264.08
10.08.2015,261.77
09.08.2015,259.98
08.08.2015,271.57
07.08.2015,276.07
06.08.2015,276.52
05.08.2015,278.65
04.08.2015,278.53
03.08.2015,275.19
02.08.2015,272.47
01.08.2015,273.71
31.07.2015,277.54
30.07.2015,280.37
29.07.2015,282.82
28.07.2015,284.29
27.07.2015,280.93
26.07.2015,280.57
25.07.2015,278.45
24.07.2015,272.14
23.07.2015,267.51
22.07.2015,266.61
21.07.2015,268.96
20.07.2015,267.64
19.07.2015,265.11
18.07.2015,267.32
17.07.2015,267.2
16.07.2015,270.75
15.07.2015,277.6
14.07.2015,275.72
13.07.2015,279.05
12.07.2015,286.77
11.07.2015,274.43
10.07.2015,264.9
09.07.2015,257.03
08.07.2015,255.39
07.07.2015,254.72
06.07.2015,256.66
05.07.2015,249.58
04.07.2015,243.89
03.07.2015,241.99
02.07.2015,243.92
01.07.2015,246.35
30.06.2015,246.31
29.06.2015,235.69
28.06.2015,234.9
27.06.2015,231.58
26.06.2015,228.35
25.06.2015,228.7
24.06.2015,228.76
23.06.2015,230.03
22.06.2015,227.35
21.06.2015,225.89
20.06.2015,224.55
19.06.2015,228.82
18.06.2015,230.29
17.06.2015,232.56
16.06.2015,226.21
15.06.2015,219.81
14.06.2015,218.14
13.06.2015,215.75
12.06.2015,215.84
11.06.2015,216.04
10.06.2015,215.86
09.06.2015,215.52
08.06.2015,211.22
07.06.2015,212.66
06.06.2015,213.12
05.06.2015,212.19
04.06.2015,212.04
03.06.2015,212.91
02.06.2015,211.06
01.06.2015,215.48
31.05.2015,219.85
30.05.2015,221.83
29.05.2015,224.53
28.05.2015,225.35
27.05.2015,226.98
26.05.2015,226.43
25.05.2015,226.27
24.05.2015,227.21
23.05.2015,226.8
22.05.2015,224.21
21.05.2015,221.52
20.05.2015,219.82
19.05.2015,218.79
18.05.2015,219.25
17.05.2015,218.65
16.05.2015,219.06
15.05.2015,218.7
14.05.2015,223.01
13.05.2015,223.9
12.05.2015,226.14
11.05.2015,226.37
10.05.2015,225.98
09.05.2015,226.43
08.05.2015,223.53
07.05.2015,215.04
06.05.2015,217.07
05.05.2015,220.08
04.05.2015,225.06
03.05.2015,224.75
02.05.2015,220.26
01.05.2015,220.65
30.04.2015,218.11
29.04.2015,214.39
28.04.2015,217.26
27.04.2015,212.22
26.04.2015,209.93
25.04.2015,219.85
24.04.2015,223.15
23.04.2015,225.96
22.04.2015,228.73
21.04.2015,217.59
20.04.2015,215.05
19.04.2015,214.81
18.04.2015,213.62
17.04.2015,215.36
16.04.2015,219.2
15.04.2015,215.29
14.04.2015,215.98
13.04.2015,228.69
12.04.2015,232.88
11.04.2015,232.27
10.04.2015,233.84
09.04.2015,238.55
08.04.2015,241.8
07.04.2015,246.1
06.04.2015,247.38
05.04.2015,244.67
04.04.2015,242.63
03.04.2015,242.94
02.04.2015,239.94
01.04.2015,236.91
31.03.2015,239.41
30.03.2015,237.72
29.03.2015,236.89
28.03.2015,243.16
27.03.2015,239.15
26.03.2015,240.68
25.03.2015,236.09
24.03.2015,247.55
23.03.2015,259.64
22.03.2015,257
21.03.2015,255.28
20.03.2015,256.88
19.03.2015,256.05
18.03.2015,271.85
17.03.2015,292.42
16.03.2015,294.03
15.03.2015,287.04
14.03.2015,285.71
13.03.2015,293.35
12.03.2015,296.4
11.03.2015,295.86
10.03.2015,293.03
09.03.2015,278.45
08.03.2015,272.29
07.03.2015,269.82
06.03.2015,268.63
05.03.2015,263.84
04.03.2015,269.03
03.03.2015,264.84
02.03.2015,251.55
01.03.2015,241.22
28.02.2015,241.71
27.02.2015,238.86
26.02.2015,226.25
25.02.2015,226.96
24.02.2015,227.88
23.02.2015,224.78
22.02.2015,228.11
21.02.2015,230.87
20.02.2015,229.02
19.02.2015,226.31
18.02.2015,226.05
17.02.2015,223.87
16.02.2015,218.77
15.02.2015,233.16
14.02.2015,229.42
13.02.2015,216.44
12.02.2015,205.85
11.02.2015,206.01
10.02.2015,203.44
09.02.2015,205
08.02.2015,209.13
07.02.2015,210
06.02.2015,204.53
05.02.2015,206.07
04.02.2015,209.4
03.02.2015,219.52
02.02.2015,210.8
01.02.2015,202.44
31.01.2015,210.44
30.01.2015,214.07
29.01.2015,213.91
28.01.2015,229.24
27.01.2015,235.25
26.01.2015,252.49
25.01.2015,219.15
24.01.2015,209.43
23.01.2015,202.24
22.01.2015,202.27
21.01.2015,186.5
20.01.2015,185.1
19.01.2015,186.08
18.01.2015,177.73
17.01.2015,173.52
16.01.2015,182.29
15.01.2015,210.87
14.01.2015,202.64
13.01.2015,245.6
12.01.2015,274.45
11.01.2015,278.24
10.01.2015,285.43
09.01.2015,290.18
08.01.2015,294.94
07.01.2015,292.83
06.01.2015,280.73
05.01.2015,274.25
04.01.2015,277
03.01.2015,305.48
02.01.2015,315.16
01.01.2015,316.07
31.12.2014,313.09
30.12.2014,312.11
29.12.2014,313.94
28.12.2014,314.07
27.12.2014,317.16
26.12.2014,320.3
25.12.2014,316.88
24.12.2014,326.72
23.12.2014,330.11
22.12.2014,323.98
21.12.2014,320.34
20.12.2014,320.12
19.12.2014,308.54
18.12.2014,306.33
17.12.2014,314.75
16.12.2014,324.01
15.12.2014,337.16
14.12.2014,337.7
13.12.2014,337.07
12.12.2014,339.57
11.12.2014,341.85
10.12.2014,339.88
09.12.2014,344.61
08.12.2014,362.03
07.12.2014,368.64
06.12.2014,367
05.12.2014,365.29
04.12.2014,364.74
03.12.2014,370.08
02.12.2014,371.03
01.12.2014,367.6
30.11.2014,366.18
29.11.2014,365.9
28.11.2014,357.41
27.11.2014,359.35
26.11.2014,359.02
25.11.2014,370.28
24.11.2014,363.21
23.11.2014,349.49
22.11.2014,346.23
21.11.2014,340.93
20.11.2014,351.5
19.11.2014,364.1
18.11.2014,366.34
17.11.2014,382.38
16.11.2014,368.51
15.11.2014,371.84
14.11.2014,381.47
13.11.2014,415.58
12.11.2014,381.8
11.11.2014,354.91
10.11.2014,353.74
09.11.2014,339.16
08.11.2014,333.49
07.11.2014,334.09
06.11.2014,333.23
05.11.2014,325.97
04.11.2014,315.68
03.11.2014,317.81
02.11.2014,313.92
01.11.2014,318.15
31.10.2014,329.28
30.10.2014,324.03
29.10.2014,331.82
28.10.2014,338.45
27.10.2014,337.57
26.10.2014,335.55
25.10.2014,334.21
24.10.2014,341.66
23.10.2014,352.23
22.10.2014,366.88
21.10.2014,366.68
20.10.2014,362.68
19.10.2014,370.3
18.10.2014,365.72
17.10.2014,360.24
16.10.2014,366.57
15.10.2014,372.99
14.10.2014,383.73
13.10.2014,360.47
12.10.2014,347.71
11.10.2014,345.58
10.10.2014,347.25
09.10.2014,346.81
08.10.2014,323.3
07.10.2014,317.49
06.10.2014,312.47
05.10.2014,307.65
04.10.2014,335.98
03.10.2014,357.43
02.10.2014,363.09
01.10.2014,368.56
30.09.2014,363.68
29.09.2014,360.38
28.09.2014,373.49
27.09.2014,382.94
26.09.2014,386.35
25.09.2014,391.09
24.09.2014,403.22
23.09.2014,384.27
22.09.2014,378.45
21.09.2014,377.63
20.09.2014,386.08
19.09.2014,382.03
18.09.2014,411.99
17.09.2014,433.58
16.09.2014,440.19
15.09.2014,446.29
14.09.2014,446.14
13.09.2014,446.82
12.09.2014,444.78
11.09.2014,448.03
10.09.2014,450.51
09.09.2014,440.32
08.09.2014,444.2
07.09.2014,452.33
06.09.2014,451.57
05.09.2014,452.51
04.09.2014,450.36
03.09.2014,439.37
02.09.2014,439.33
01.09.2014,440.67
31.08.2014,449.97
30.08.2014,462.93
29.08.2014,466.06
28.08.2014,467.66
27.08.2014,470.96
26.08.2014,465.48
25.08.2014,460.94
24.08.2014,461.46
23.08.2014,460.35
22.08.2014,468.32
21.08.2014,473.5
20.08.2014,445.29
19.08.2014,428.68
18.08.2014,429.38
17.08.2014,454.63
16.08.2014,451.71
15.08.2014,457.59
14.08.2014,472.73
13.08.2014,502.64
12.08.2014,517.88
11.08.2014,531.11
10.08.2014,534.23
09.08.2014,533.65
08.08.2014,537.49
07.08.2014,532.73
06.08.2014,531.58
05.08.2014,533.28
04.08.2014,532.75
03.08.2014,530.28
02.08.2014,535.07
01.08.2014,536.7
31.07.2014,520.75
30.07.2014,525.93
29.07.2014,530.4
28.07.2014,528.93
27.07.2014,539.15
26.07.2014,539.86
25.07.2014,544.02
24.07.2014,551.03
23.07.2014,560.42
22.07.2014,561.01
21.07.2014,558.34
20.07.2014,559.76
19.07.2014,561.07
18.07.2014,559.93
17.07.2014,555.13
16.07.2014,555.08
15.07.2014,557.28
14.07.2014,555.11
13.07.2014,560.75
12.07.2014,562.59
11.07.2014,555.38
10.07.2014,552.61
09.07.2014,557.26
08.07.2014,557.72
07.07.2014,561.48
06.07.2014,567.31
05.07.2014,564.34
04.07.2014,570.82
03.07.2014,576.07
02.07.2014,574.88
01.07.2014,577.65
30.06.2014,551.38
29.06.2014,534.03
28.06.2014,534.54
27.06.2014,533.75
26.06.2014,523.01
25.06.2014,512.3
24.06.2014,529.44
23.06.2014,531.42
22.06.2014,538.86
21.06.2014,531.68
20.06.2014,531.35
19.06.2014,543.08
18.06.2014,547.26
17.06.2014,539.23
16.06.2014,536.57
15.06.2014,511.48
14.06.2014,521.92
13.06.2014,539.57
12.06.2014,561.99
11.06.2014,581.38
10.06.2014,587.08
09.06.2014,582.93
08.06.2014,586.26
07.06.2014,583.3
06.06.2014,587.06
05.06.2014,581.47
04.06.2014,575.87
03.06.2014,593.14
02.06.2014,570.43
01.06.2014,576.46
31.05.2014,552.39
30.05.2014,534.84
29.05.2014,508.78
28.05.2014,513.68
27.05.2014,514.51
26.05.2014,519.34
25.05.2014,500.65
24.05.2014,466.52
23.05.2014,472.99
22.05.2014,454.29
21.05.2014,438.77
20.05.2014,414.14
19.05.2014,397.95
18.05.2014,399.17
17.05.2014,400.9
16.05.2014,399.78
15.05.2014,398.48
14.05.2014,394.66
13.05.2014,391.42
12.05.2014,390.67
11.05.2014,394.53
10.05.2014,399.95
09.05.2014,395.48
08.05.2014,389.95
07.05.2014,382.52
06.05.2014,376.08
05.05.2014,380.31
04.05.2014,381.85
03.05.2014,387.38
02.05.2014,394.77
01.05.2014,399.72
30.04.2014,392.6
29.04.2014,392.3
28.04.2014,384.35
27.04.2014,398.33
26.04.2014,402.26
25.04.2014,408.67
24.04.2014,432.52
23.04.2014,433.08
22.04.2014,437.68
21.04.2014,442.76
20.04.2014,443.47
19.04.2014,434.01
18.04.2014,429
17.04.2014,445.99
16.04.2014,455.11
15.04.2014,428.78
14.04.2014,391.95
13.04.2014,365.12
12.04.2014,373.09
11.04.2014,353.87
10.04.2014,358.8
09.04.2014,396.41
08.04.2014,398.87
07.04.2014,404.41
06.04.2014,410.34
05.04.2014,402.92
04.04.2014,394.59
03.04.2014,385.46
02.04.2014,413.46
01.04.2014,408.7
31.03.2014,405.84
30.03.2014,418.12
29.03.2014,442.24
28.03.2014,445.56
27.03.2014,481.04
26.03.2014,513.81
25.03.2014,510.95
24.03.2014,497.53
23.03.2014,499.37
22.03.2014,499.15
21.03.2014,514.61
20.03.2014,520.02
19.03.2014,537.33
18.03.2014,536.44
17.03.2014,543.26
16.03.2014,550.16
15.03.2014,554.31
14.03.2014,548.46
13.03.2014,558.41
12.03.2014,553.47
11.03.2014,554.93
10.03.2014,550.2
09.03.2014,559.57
08.03.2014,542.86
07.03.2014,553.98
06.03.2014,581.13
05.03.2014,587.4
04.03.2014,591.47
03.03.2014,583.53
02.03.2014,490.05
01.03.2014,499.62
28.02.2014,487.93
27.02.2014,516.82
26.02.2014,520.24
25.02.2014,475.6
24.02.2014,490.92
23.02.2014,543.38
22.02.2014,533.64
21.02.2014,509.65
20.02.2014,501.46
19.02.2014,556.13
18.02.2014,557.97
17.02.2014,562.51
16.02.2014,551.26
15.02.2014,583.23
14.02.2014,593.85
13.02.2014,551.08
12.02.2014,593.43
11.02.2014,601.29
10.02.2014,608.71
09.02.2014,618.59
08.02.2014,610.68
07.02.2014,651.39
06.02.2014,706.55
05.02.2014,740.95
04.02.2014,750.49
03.02.2014,744.62
02.02.2014,749.95
01.02.2014,757.79
31.01.2014,748.86
30.01.2014,728.91
29.01.2014,741.86
28.01.2014,734.84
27.01.2014,692.98
26.01.2014,758.79
25.01.2014,733.12
24.01.2014,705.14
23.01.2014,735.85
22.01.2014,754.15
21.01.2014,766.3
20.01.2014,771.21
19.01.2014,772.42
18.01.2014,742
17.01.2014,732.41
16.01.2014,747.64
15.01.2014,773.22
14.01.2014,748
13.01.2014,750.8
12.01.2014,735.07
11.01.2014,775.35
10.01.2014,814.39
09.01.2014,755.7
08.01.2014,753.73
07.01.2014,766.35
06.01.2014,828.63
05.01.2014,880.32
04.01.2014,767.07
03.01.2014,722.62
02.01.2014,722.38
01.01.2014,659.77
31.12.2013,668.42
30.12.2013,648.87
29.12.2013,653.02
28.12.2013,637.46
27.12.2013,651.63
26.12.2013,667.95
25.12.2013,626.55
24.12.2013,589.92
23.12.2013,580.59
22.12.2013,562.6
21.12.2013,569.94
20.12.2013,549.83
19.12.2013,604.77
18.12.2013,523.84
17.12.2013,424.99
16.12.2013,605.52
15.12.2013,722.91
14.12.2013,742.84
13.12.2013,790.12
12.12.2013,820.17
11.12.2013,781.29
10.12.2013,836.55
09.12.2013,832.46
08.12.2013,795.51
07.12.2013,708.16
06.12.2013,610.78
05.12.2013,913.18
04.12.2013,878.59
03.12.2013,986.77
02.12.2013,951.86
01.12.2013,937.2
30.11.2013,1’000.1700
29.11.2013,1’072.7500
28.11.2013,1’023.2400
27.11.2013,919.18
26.11.2013,824.51
25.11.2013,772
24.11.2013,765.62
23.11.2013,738.35
22.11.2013,815.06
21.11.2013,692.18
20.11.2013,618.77
19.11.2013,517.51
18.11.2013,737.36
17.11.2013,545
16.11.2013,440.6
15.11.2013,402.9
14.11.2013,392.3
13.11.2013,389.3
12.11.2013,351.72
11.11.2013,346.65
10.11.2013,312.86
09.11.2013,311.58
08.11.2013,343.12
07.11.2013,289.92
06.11.2013,266.36
05.11.2013,235.12
04.11.2013,212.86
03.11.2013,197.49
02.11.2013,188.49
01.11.2013,189.81
31.10.2013,186.07
30.10.2013,183.22
29.10.2013,183.89
28.10.2013,180.77
27.10.2013,179.76
26.10.2013,174.92
25.10.2013,158.59
24.10.2013,161.17
23.10.2013,175.11
22.10.2013,187.51
21.10.2013,175.49
20.10.2013,164.93
19.10.2013,153.01
18.10.2013,151.65
17.10.2013,140.05
16.10.2013,134.64
15.10.2013,132.04
14.10.2013,132.26
13.10.2013,127.59
12.10.2013,124.7
11.10.2013,121.82
10.10.2013,118.94
09.10.2013,118.55
08.10.2013,118.47
07.10.2013,114.37
06.10.2013,115.89
05.10.2013,115.44
04.10.2013,115.25
03.10.2013,116.22
02.10.2013,109.27
01.10.2013,120.33
30.09.2013,120.89
29.09.2013,120.44
28.09.2013,123.3
27.09.2013,119.59
26.09.2013,118.57
25.09.2013,116.24
24.09.2013,116.13
23.09.2013,114.57
22.09.2013,115.61
21.09.2013,115.58
20.09.2013,115.95
19.09.2013,117.62
18.09.2013,119.47
17.09.2013,121.93
16.09.2013,120.96
15.09.2013,120.11
14.09.2013,119.26
13.09.2013,118.76
12.09.2013,124.34
11.09.2013,123.54
10.09.2013,120.89
09.09.2013,117.2
08.09.2013,118.22
07.09.2013,112.54
06.09.2013,115.36
05.09.2013,112.75
04.09.2013,119.42
03.09.2013,124.4
02.09.2013,132.0393
01.09.2013,131
31.08.2013,127
30.08.2013,120
29.08.2013,117.3421
28.08.2013,115.6279
27.08.2013,113.6225
26.08.2013,113.2015
25.08.2013,106.5638
24.08.2013,107.5196
22.08.2013,113.6797
21.08.2013,113
20.08.2013,107.6077
15.08.2013,105.2
13.08.2013,93.8338
10.08.2013,97.133
09.08.2013,99.7693
08.08.2013,99.4238
07.08.2013,100.321
06.08.2013,97.2945
04.08.2013,98.4383
03.08.2013,98.3296
01.08.2013,100
31.07.2013,95.3404
30.07.2013,93.5577
29.07.2013,93.0494
27.07.2013,91.9922
26.07.2013,91.3072
25.07.2013,88.1713
24.07.2013,87.1475
23.07.2013,87.6273
19.07.2013,87.6436
18.07.2013,92.0573
04.07.2013,69.0474
